{
    "Object0": {
        "confidence": 1,
        "ymax": 1,
        "label": 1,
        "xmax": 0.7,
        "xmin": 0.43,
        "ymin": 0.3,
        "class": ""
    },
    "timestamp": "2018-11-26T16:06:32.538057",
    "frame_id": -1,
    "inference_fps": 33.80834432392243
}